<?xml version="1.0" encoding="UTF-8"?>

<process name="caigou" xmlns="http://jbpm.org/4.4/jpdl">
   <start g="176,15,118,95" name="start1">
      <transition to="申请"/>
   </start>
   <task assignee="#{purchase.applyUserDepartmentLeader}" g="387,13,92,52" name="申请部门审批">
      <transition g="-17,-17" name="批准" to="资源处审批"/>
      <transition g="-50,-22" name="不批准" to="不予采购"/>
   </task>
   <task assignee="#{purchase.resourceDepartmentLeader}" g="386,93,92,52" name="资源处审批">
      <transition g="-11,-12" name="批准" to="exclusive2"/>
      <transition g="-57,-20" name="不批准" to="不予采购"/>
   </task>
   <task assignee="#{purchase.financeViceHeaderMaster}" g="387,337,107,52" name="财务副校长审批">
      <transition g="-33,-22" name="批准" to="exclusive1"/>
      <transition g="-51,15" name="不批准" to="不予采购"/>
   </task>
   <task assignee="#{purchase.headerMaster}" g="401,498,92,52" name="校长审批">
      <transition g="-16,-9" name="不批准" to="不予采购"/>
      <transition g="-50,-22" name="批准" to="批准采购"/>
   </task>
   <decision expr="#{purchase.money &lt; 200 ? '金额小于200' : '金额大于等于200'}" g="413,169,149,48" name="exclusive2">
      <transition g="0,-15" name="金额大于等于200" to="分管副校长审批">
      </transition>
      <transition g="-39,-21" name="金额小于200" to="批准采购">
      </transition>
   </decision>
   <decision expr="#{purchase.money &lt; 2000 ? '金额小于2000' : '金额大于等于2000'}" g="418,431,48,48" name="exclusive1">
      <transition g="4,-24" name="金额大于等于2000" to="校长审批">
      </transition>
      <transition g="-42,-37" name="金额小于2000" to="批准采购">
      </transition>
   </decision>
   <end g="214,302,48,48" name="批准采购"/>
   <task assignee="#{purchase.applyUser}" g="268,13,92,52" name="申请">
      <transition to="申请部门审批"/>
   </task>
   <task assignee="#{purchase.applyUserViceHeaderMaster}" g="385,253,101,52" name="分管副校长审批">
      <transition g="-47,-7" name="批准" to="财务副校长审批"/>
      <transition g="-31,-4" name="不批准" to="不予采购"/>
   </task>
   <end-cancel g="682,220,48,48" name="不予采购"/>
</process>